<?xml version="1.0" encoding="UTF-8"?>
<project-private xmlns="http://www.netbeans.org/ns/project-private/1">
    <editor-bookmarks xmlns="http://www.netbeans.org/ns/editor-bookmarks/2" lastBookmarkId="0"/>
    <open-files xmlns="http://www.netbeans.org/ns/projectui-open-files/2">
        <group>
            <file>file:/C:/Users/Jonathan/Documents/NetBeansProjects/carritojsp/src/java/controllers/ControladorProducto.java</file>
            <file>file:/C:/Users/Jonathan/Documents/NetBeansProjects/carritojsp/web/cart.jsp</file>
            <file>file:/C:/Users/Jonathan/Documents/NetBeansProjects/carritojsp/src/java/classes/Producto.java</file>
            <file>file:/C:/Users/Jonathan/Documents/NetBeansProjects/carritojsp/src/java/servlets/AddCart.java</file>
            <file>file:/C:/Users/Jonathan/Documents/NetBeansProjects/carritojsp/src/java/models/ModeloProducto.java</file>
            <file>file:/C:/Users/Jonathan/Documents/NetBeansProjects/carritojsp/web/product-details.jsp</file>
            <file>file:/C:/Users/Jonathan/Documents/NetBeansProjects/carritojsp/src/java/models/Conexion.java</file>
            <file>file:/C:/Users/Jonathan/Documents/NetBeansProjects/carritojsp/src/java/servlets/DeleteItem.java</file>
            <file>file:/C:/Users/Jonathan/Documents/NetBeansProjects/carritojsp/web/js/carrito.js</file>
        </group>
    </open-files>
</project-private>
